"Person","Person name","Mentioned in"
"https://w3id.org/ficlitdl/person/leo-longanesi","Leo Longanesi","https://w3id.org/giuseppe-raimondi-lod/notebook/rdq221/text"
"https://w3id.org/ficlitdl/person/william-blake","William Blake","https://w3id.org/giuseppe-raimondi-lod/notebook/rdq212/text"
"https://w3id.org/ficlitdl/person/paul-eluard","Paul Éluard","https://w3id.org/giuseppe-raimondi-lod/notebook/rdq362/text"
"https://w3id.org/ficlitdl/person/sebastiano-mazzoni","Sebastiano Mazzoni","https://w3id.org/giuseppe-raimondi-lod/notebook/rdq110/text"
"https://w3id.org/ficlitdl/person/gerard-de-nerval","Gérard de Nerval","https://w3id.org/giuseppe-raimondi-lod/notebook/rdq234/text"
"https://w3id.org/ficlitdl/person/felice-giani","Felice Giani","https://w3id.org/giuseppe-raimondi-lod/notebook/rdq397/text"
"https://w3id.org/ficlitdl/person/jackson-pollock","Jackson Pollock","https://w3id.org/giuseppe-raimondi-lod/notebook/rdq151/text"
"https://w3id.org/ficlitdl/person/rembrandt","Rembrandt","https://w3id.org/giuseppe-raimondi-lod/notebook/rdq215/text"
"https://w3id.org/ficlitdl/person/bernhard-keil","Bernhard Keil","https://w3id.org/giuseppe-raimondi-lod/notebook/rdq52/text"
"https://w3id.org/ficlitdl/person/ottone-rosai","Ottone Rosai","https://w3id.org/giuseppe-raimondi-lod/notebook/rdq32/text"
"https://w3id.org/ficlitdl/person/francis-bacon","Francis Bacon","https://w3id.org/giuseppe-raimondi-lod/notebook/rdq219/text"
"https://w3id.org/ficlitdl/person/corrado-corazza","Corrado Corazza","https://w3id.org/giuseppe-raimondi-lod/notebook/rdq94/text"
"https://w3id.org/ficlitdl/person/carracci","Carracci","https://w3id.org/giuseppe-raimondi-lod/notebook/rdq424/text"
"https://w3id.org/ficlitdl/person/julio-gonzalez","Julio González","https://w3id.org/giuseppe-raimondi-lod/notebook/rdq198/text"
"https://w3id.org/ficlitdl/person/pablo-picasso","Pablo Picasso","https://w3id.org/giuseppe-raimondi-lod/notebook/rdq182/text"
"https://w3id.org/ficlitdl/person/isaak-babel","Isaak Babel","https://w3id.org/giuseppe-raimondi-lod/notebook/rdq84/text"
"https://w3id.org/ficlitdl/person/magalotti","Magalotti","https://w3id.org/giuseppe-raimondi-lod/notebook/rdq317/text"
"https://w3id.org/ficlitdl/person/guido-cagnacci","Guido Cagnacci","https://w3id.org/giuseppe-raimondi-lod/notebook/rdq101/text"
"https://w3id.org/ficlitdl/person/alessandro-bonsanti","Alessandro Bonsanti","https://w3id.org/giuseppe-raimondi-lod/notebook/rdq350/text"
"https://w3id.org/ficlitdl/person/max-ernst","Max Ernst","https://w3id.org/giuseppe-raimondi-lod/notebook/rdq225/text"
"https://w3id.org/ficlitdl/person/giacomo-casanova","Giacomo Casanova","https://w3id.org/giuseppe-raimondi-lod/notebook/rdq98/text"
"https://w3id.org/ficlitdl/person/giovanni-romagnoli","Giovanni Romagnoli","https://w3id.org/giuseppe-raimondi-lod/notebook/rdq66/text"
"https://w3id.org/ficlitdl/person/jean-cocteau","Jean Cocteau","https://w3id.org/giuseppe-raimondi-lod/notebook/rdq76/text"
"https://w3id.org/ficlitdl/person/paul-cezanne","Paul Cézanne","https://w3id.org/giuseppe-raimondi-lod/notebook/rdq406/text"
"https://w3id.org/ficlitdl/person/paul-durand-ruel","Paul Durand-Ruel","https://w3id.org/giuseppe-raimondi-lod/notebook/rdq125/text"
"https://w3id.org/ficlitdl/person/teresa-carniani","Teresa Carniani","https://w3id.org/giuseppe-raimondi-lod/notebook/rdq39/text"
"https://w3id.org/ficlitdl/person/arthur-rimbaud","Arthur Rimbaud","https://w3id.org/giuseppe-raimondi-lod/notebook/rdq9/text"
"https://w3id.org/ficlitdl/person/paul-valery","Paul Valéry","https://w3id.org/giuseppe-raimondi-lod/notebook/rdq5/text"
"https://w3id.org/ficlitdl/person/enrico-bottrigari","Enrico Bottrigari","https://w3id.org/giuseppe-raimondi-lod/notebook/rdq168/text"
"https://w3id.org/ficlitdl/person/william-faulkner","William Faulkner","https://w3id.org/giuseppe-raimondi-lod/notebook/rdq111/text"
"https://w3id.org/ficlitdl/person/michel-de-montaigne","Michel de Montaigne","https://w3id.org/giuseppe-raimondi-lod/notebook/rdq329/text"
"https://w3id.org/ficlitdl/person/alberto-mondadori","Alberto Mondadori","https://w3id.org/giuseppe-raimondi-lod/notebook/rdq116/text"
"https://w3id.org/ficlitdl/person/bino-binazzi","Bino Binazzi","https://w3id.org/giuseppe-raimondi-lod/notebook/rdq70/text"
"https://w3id.org/ficlitdl/person/edgar-allan-poe","Edgar Allan Poe","https://w3id.org/giuseppe-raimondi-lod/notebook/rdq353/text"
"https://w3id.org/ficlitdl/person/bernardo-bellotto","Bernardo Bellotto","https://w3id.org/giuseppe-raimondi-lod/notebook/rdq91/text"
"https://w3id.org/ficlitdl/person/giovanni-pascoli","Giovanni Pascoli","https://w3id.org/giuseppe-raimondi-lod/notebook/rdq158/text"
"https://w3id.org/ficlitdl/person/friedrich-nietzsche","Friedrich Nietzsche","https://w3id.org/giuseppe-raimondi-lod/notebook/rdq205/text"
"https://w3id.org/ficlitdl/person/mario-bacchelli","Mario Bacchelli","https://w3id.org/giuseppe-raimondi-lod/notebook/rdq54/text"
"https://w3id.org/ficlitdl/person/charles-cros","Charles Cros","https://w3id.org/giuseppe-raimondi-lod/notebook/rdq453/text"
"https://w3id.org/ficlitdl/person/dante-alighieri","Dante Alighieri","https://w3id.org/giuseppe-raimondi-lod/notebook/rdq25/text"
"https://w3id.org/ficlitdl/person/mario-fubini","Mario Fubini","https://w3id.org/giuseppe-raimondi-lod/notebook/rdq258/text"
"https://w3id.org/ficlitdl/person/pierre-joseph-proudhon","Pierre-Joseph Proudhon","https://w3id.org/giuseppe-raimondi-lod/notebook/rdq331/text"
"https://w3id.org/ficlitdl/person/ugo-ojetti","Ugo Ojetti","https://w3id.org/giuseppe-raimondi-lod/notebook/rdq368/text"
"https://w3id.org/ficlitdl/person/marc-chagall","Marc Chagall","https://w3id.org/giuseppe-raimondi-lod/notebook/rdq170/text"
"https://w3id.org/ficlitdl/person/eurialo-de-michelis","Eurialo De Michelis","https://w3id.org/giuseppe-raimondi-lod/notebook/rdq345/text"
"https://w3id.org/ficlitdl/person/johann-wolfgang-von-goethe","Johann Wolfgang von Goethe","https://w3id.org/giuseppe-raimondi-lod/notebook/rdq332/text"
"https://w3id.org/ficlitdl/person/rodolfo-pallucchini","Rodolfo Pallucchini","https://w3id.org/giuseppe-raimondi-lod/notebook/rdq173/text"
"https://w3id.org/ficlitdl/person/charles-meryon","Charles Méryon","https://w3id.org/giuseppe-raimondi-lod/notebook/rdq34/text"
"https://w3id.org/ficlitdl/person/emilio-lovarini","Emilio Lovarini","https://w3id.org/giuseppe-raimondi-lod/notebook/rdq207/text"
"https://w3id.org/ficlitdl/person/germain-nouveau","Germain Nouveau","https://w3id.org/giuseppe-raimondi-lod/notebook/rdq453/text"
"https://w3id.org/ficlitdl/person/gilbert-du-motier-marquis-de-lafayette","Gilbert du Motier, Marquis de Lafayette","https://w3id.org/giuseppe-raimondi-lod/notebook/rdq100/text"
"https://w3id.org/ficlitdl/person/leonardo-da-vinci","Leonardo da Vinci","https://w3id.org/giuseppe-raimondi-lod/notebook/rdq400/text"
"https://w3id.org/ficlitdl/person/ernest-hemingway","Ernest Hemingway","https://w3id.org/giuseppe-raimondi-lod/notebook/rdq10/text"
"https://w3id.org/ficlitdl/person/giotto-di-bondone","Giotto di Bondone","https://w3id.org/giuseppe-raimondi-lod/notebook/rdq99/text"
"https://w3id.org/ficlitdl/person/mino-maccari","Mino Maccari","https://w3id.org/giuseppe-raimondi-lod/notebook/rdq20/text"
"https://w3id.org/ficlitdl/person/riccardo-bacchelli","Riccardo Bacchelli","https://w3id.org/giuseppe-raimondi-lod/notebook/rdq427/text"
"https://w3id.org/ficlitdl/person/jean-baptiste-camille-corot","Jean-Baptiste Camille Corot","https://w3id.org/giuseppe-raimondi-lod/notebook/rdq55/text"
"https://w3id.org/ficlitdl/person/cornelia-rossi-martinetti","Cornelia Rossi-Martinetti","https://w3id.org/giuseppe-raimondi-lod/notebook/rdq39/text"
"https://w3id.org/ficlitdl/person/garzanti","Garzanti","https://w3id.org/giuseppe-raimondi-lod/notebook/rdq381/text"
"https://w3id.org/ficlitdl/person/paul-louis-courier","Paul Louis Courier","https://w3id.org/giuseppe-raimondi-lod/notebook/rdq364/text"
"https://w3id.org/ficlitdl/person/giorgio-morandi","Giorgio Morandi","https://w3id.org/giuseppe-raimondi-lod/notebook/rdq326/text"
"https://w3id.org/ficlitdl/person/dylan-thomas","Dylan Thomas","https://w3id.org/giuseppe-raimondi-lod/notebook/rdq219/text"
"https://w3id.org/ficlitdl/person/stephane-mallarme","Stéphane Mallarmé","https://w3id.org/giuseppe-raimondi-lod/notebook/rdq341/text"
"https://w3id.org/ficlitdl/person/angelo-beolco","Angelo Beolco","https://w3id.org/giuseppe-raimondi-lod/notebook/rdq368/text"
"https://w3id.org/ficlitdl/person/boris-pasternak","Boris Pasternak","https://w3id.org/giuseppe-raimondi-lod/notebook/rdq64/text"
"https://w3id.org/ficlitdl/person/san-giovanni-genet","San Giovanni Genet","https://w3id.org/giuseppe-raimondi-lod/notebook/rdq372/text"
"https://w3id.org/ficlitdl/person/arshile-gorky","Arshile Gorky","https://w3id.org/giuseppe-raimondi-lod/notebook/rdq164/text"
"https://w3id.org/ficlitdl/person/andre-gide","André Gide","https://w3id.org/giuseppe-raimondi-lod/notebook/rdq188/text"
"https://w3id.org/ficlitdl/person/giuseppe-caletti","Giuseppe Caletti","https://w3id.org/giuseppe-raimondi-lod/notebook/rdq439/text"
"https://w3id.org/ficlitdl/person/albert-camus","Albert Camus","https://w3id.org/giuseppe-raimondi-lod/notebook/rdq354/text"
"https://w3id.org/ficlitdl/person/edouard-vuillard","Édouard Vuillard","https://w3id.org/giuseppe-raimondi-lod/notebook/rdq388/text"
"https://w3id.org/ficlitdl/person/t-s-eliot","T. S. Eliot","https://w3id.org/giuseppe-raimondi-lod/notebook/rdq40/text"
"https://w3id.org/ficlitdl/person/edgar-degas","Edgar Degas","https://w3id.org/giuseppe-raimondi-lod/notebook/rdq125/text"
"https://w3id.org/ficlitdl/person/blaise-cendrars","Blaise Cendrars","https://w3id.org/giuseppe-raimondi-lod/notebook/rdq67/text"
"https://w3id.org/ficlitdl/person/mario-pozzati","Mario Pozzati","https://w3id.org/giuseppe-raimondi-lod/notebook/rdq340/text"
"https://w3id.org/ficlitdl/person/denis-diderot","Denis Diderot","https://w3id.org/giuseppe-raimondi-lod/notebook/rdq45/text"
"https://w3id.org/ficlitdl/person/gustave-moreau","Gustave Moreau","https://w3id.org/giuseppe-raimondi-lod/notebook/rdq146/text"
"https://w3id.org/ficlitdl/person/francesco-geminiani","Francesco Geminiani","https://w3id.org/giuseppe-raimondi-lod/notebook/rdq331/text"
"https://w3id.org/ficlitdl/person/vitale-da-bologna","Vitale da Bologna","https://w3id.org/giuseppe-raimondi-lod/notebook/rdq170/text"
"https://w3id.org/ficlitdl/person/antonio-vivarini","Antonio Vivarini","https://w3id.org/giuseppe-raimondi-lod/notebook/rdq173/text"
"https://w3id.org/ficlitdl/person/clemente-rebora","Clemente Rebora","https://w3id.org/giuseppe-raimondi-lod/notebook/rdq305/text"
"https://w3id.org/ficlitdl/person/giovanni-verga","Giovanni Verga","https://w3id.org/giuseppe-raimondi-lod/notebook/rdq151/text"
"https://w3id.org/ficlitdl/person/giuseppe-delogu","Giuseppe Delogu","https://w3id.org/giuseppe-raimondi-lod/notebook/rdq184/text"
"https://w3id.org/ficlitdl/person/odilon-redon","Odilon Redon","https://w3id.org/giuseppe-raimondi-lod/notebook/rdq406/text"
"https://w3id.org/ficlitdl/person/mario-soffici","Mario Soffici","https://w3id.org/giuseppe-raimondi-lod/notebook/rdq122/text"
"https://w3id.org/ficlitdl/person/g-cestoni","G. Cestoni","https://w3id.org/giuseppe-raimondi-lod/notebook/rdq317/text"
"https://w3id.org/ficlitdl/person/jan-van-eyck","Jan van Eyck","https://w3id.org/giuseppe-raimondi-lod/notebook/rdq50/text"
"https://w3id.org/ficlitdl/person/antonio-canova","Antonio Canova","https://w3id.org/giuseppe-raimondi-lod/notebook/rdq119/text"
"https://w3id.org/ficlitdl/person/pierre-reverdy","Pierre Reverdy","https://w3id.org/giuseppe-raimondi-lod/notebook/rdq137/text"
"https://w3id.org/ficlitdl/person/girolamo-savoldo","Girolamo Savoldo","https://w3id.org/giuseppe-raimondi-lod/notebook/rdq328/text"
"https://w3id.org/ficlitdl/person/blaise-pascal","Blaise Pascal","https://w3id.org/giuseppe-raimondi-lod/notebook/rdq143/text"
"https://w3id.org/ficlitdl/person/giovanni-battista-piranesi","Giovanni Battista Piranesi","https://w3id.org/giuseppe-raimondi-lod/notebook/rdq158/text"
"https://w3id.org/ficlitdl/person/caravaggio","Caravaggio","https://w3id.org/giuseppe-raimondi-lod/notebook/rdq176/text"
"https://w3id.org/ficlitdl/person/porfirio","Porfirio","https://w3id.org/giuseppe-raimondi-lod/notebook/rdq338/text"
"https://w3id.org/ficlitdl/person/elio-vittorini","Elio Vittorini","https://w3id.org/giuseppe-raimondi-lod/notebook/rdq401/text"
"https://w3id.org/ficlitdl/person/giulio-cesare","Giulio Cesare","https://w3id.org/giuseppe-raimondi-lod/notebook/rdq442/text"
"https://w3id.org/ficlitdl/person/cesare-pascarella","Cesare Pascarella","https://w3id.org/giuseppe-raimondi-lod/notebook/rdq37/text"
"https://w3id.org/ficlitdl/person/rene-descartes","René Descartes","https://w3id.org/giuseppe-raimondi-lod/notebook/rdq431/text"
"https://w3id.org/ficlitdl/person/jean-auguste-dominique-ingres","Jean Auguste Dominique Ingres","https://w3id.org/giuseppe-raimondi-lod/notebook/rdq85/text"
"https://w3id.org/ficlitdl/person/paul-verlaine","Paul Verlaine","https://w3id.org/giuseppe-raimondi-lod/notebook/rdq291/text"
"https://w3id.org/ficlitdl/person/lea-colliva","Lea Colliva","https://w3id.org/giuseppe-raimondi-lod/notebook/rdq149/text"
"https://w3id.org/ficlitdl/person/f-scott-fitzgerald","F. Scott Fitzgerald","https://w3id.org/giuseppe-raimondi-lod/notebook/rdq229/text"
"https://w3id.org/ficlitdl/person/palma-bucarelli","Palma Bucarelli","https://w3id.org/giuseppe-raimondi-lod/notebook/rdq168/text"
"https://w3id.org/ficlitdl/person/t-e-lawrence","T. E. Lawrence","https://w3id.org/giuseppe-raimondi-lod/notebook/rdq10/text"
"https://w3id.org/ficlitdl/person/camillo-sbarbaro","Camillo Sbarbaro","https://w3id.org/giuseppe-raimondi-lod/notebook/rdq29/text"
"https://w3id.org/ficlitdl/person/alberto-giacometti","Alberto Giacometti","https://w3id.org/giuseppe-raimondi-lod/notebook/rdq168/text"
"https://w3id.org/ficlitdl/person/domenico-giordani","Domenico Giordani","https://w3id.org/giuseppe-raimondi-lod/notebook/rdq311/text"
"https://w3id.org/ficlitdl/person/friedrich-holderlin","Friedrich Hölderlin","https://w3id.org/giuseppe-raimondi-lod/notebook/rdq272/text"
"https://w3id.org/ficlitdl/person/paul-klee","Paul Klee","https://w3id.org/giuseppe-raimondi-lod/notebook/rdq129/text"
"https://w3id.org/ficlitdl/person/petrus-christus","Petrus Christus","https://w3id.org/giuseppe-raimondi-lod/notebook/rdq50/text"
"https://w3id.org/ficlitdl/person/amedeo-modigliani","Amedeo Modigliani","https://w3id.org/giuseppe-raimondi-lod/notebook/rdq90/text"
"https://w3id.org/ficlitdl/person/gabriele-capellini","Gabriele Capellini","https://w3id.org/giuseppe-raimondi-lod/notebook/rdq310/text"
"https://w3id.org/ficlitdl/person/bartolomeo-passarotti","Bartolomeo Passarotti","https://w3id.org/giuseppe-raimondi-lod/notebook/rdq26/text"
"https://w3id.org/ficlitdl/person/roberto-longhi","Roberto Longhi","https://w3id.org/giuseppe-raimondi-lod/notebook/rdq302/text"
"https://w3id.org/ficlitdl/person/manara-valgimigli","Manara Valgimigli","https://w3id.org/giuseppe-raimondi-lod/notebook/rdq209/text"
"https://w3id.org/ficlitdl/person/umberto-saba","Umberto Saba","https://w3id.org/giuseppe-raimondi-lod/notebook/rdq27/text"
"https://w3id.org/ficlitdl/person/charles-peguy","Charles Péguy","https://w3id.org/giuseppe-raimondi-lod/notebook/rdq82/text"
"https://w3id.org/ficlitdl/person/raymond-radiguet","Raymond Radiguet","https://w3id.org/giuseppe-raimondi-lod/notebook/rdq31/text"
"https://w3id.org/ficlitdl/person/michelangelo","Michelangelo","https://w3id.org/giuseppe-raimondi-lod/notebook/rdq152/text"
"https://w3id.org/ficlitdl/person/louis-antoine-de-saint-just","Louis Antoine de Saint-Just","https://w3id.org/giuseppe-raimondi-lod/notebook/rdq403/text"
"https://w3id.org/ficlitdl/person/alfredo-merio","Alfredo Merio","https://w3id.org/giuseppe-raimondi-lod/notebook/rdq296/text"
"https://w3id.org/ficlitdl/person/francois-villon","François Villon","https://w3id.org/giuseppe-raimondi-lod/notebook/rdq230/text"
"https://w3id.org/ficlitdl/person/stendhal","Stendhal","https://w3id.org/giuseppe-raimondi-lod/notebook/rdq175/text"
"https://w3id.org/ficlitdl/person/oskar-kokoschka","Oskar Kokoschka","https://w3id.org/giuseppe-raimondi-lod/notebook/rdq154/text"
"https://w3id.org/ficlitdl/person/vincenzo-cardarelli","Vincenzo Cardarelli","https://w3id.org/giuseppe-raimondi-lod/notebook/rdq445/text"
"https://w3id.org/ficlitdl/person/dino-campana","Dino Campana","https://w3id.org/giuseppe-raimondi-lod/notebook/rdq377/text"
"https://w3id.org/ficlitdl/person/bartolomeo-cesi","Bartolomeo Cesi","https://w3id.org/giuseppe-raimondi-lod/notebook/rdq424/text"
"https://w3id.org/ficlitdl/person/carlo-porta","Carlo Porta","https://w3id.org/giuseppe-raimondi-lod/notebook/rdq23/text"
"https://w3id.org/ficlitdl/person/comte-de-lautreamont","Comte de Lautréamont","https://w3id.org/giuseppe-raimondi-lod/notebook/rdq75/text"
"https://w3id.org/ficlitdl/person/girolamo-romanino","Girolamo Romanino","https://w3id.org/giuseppe-raimondi-lod/notebook/rdq424/text"
"https://w3id.org/ficlitdl/person/giuseppe-ungaretti","Giuseppe Ungaretti","https://w3id.org/giuseppe-raimondi-lod/notebook/rdq257/text"
"https://w3id.org/ficlitdl/person/theodore-gericault","Théodore Géricault","https://w3id.org/giuseppe-raimondi-lod/notebook/rdq147/text"
"https://w3id.org/ficlitdl/person/germano-pessarelli","Germano Pessarelli","https://w3id.org/giuseppe-raimondi-lod/notebook/rdq78/text"
"https://w3id.org/ficlitdl/person/annibale-carracci","Annibale Carracci","https://w3id.org/giuseppe-raimondi-lod/notebook/rdq46/text"
"https://w3id.org/ficlitdl/person/giacomo-leopardi","Giacomo Leopardi","https://w3id.org/giuseppe-raimondi-lod/notebook/rdq226/text"
"https://w3id.org/ficlitdl/person/marcel-jouhandeau","Marcel Jouhandeau","https://w3id.org/giuseppe-raimondi-lod/notebook/rdq135/text"
"https://w3id.org/ficlitdl/person/claude-lorrain","Claude Lorrain","https://w3id.org/giuseppe-raimondi-lod/notebook/rdq182/text"
"https://w3id.org/ficlitdl/person/sergio-corazzini","Sergio Corazzini","https://w3id.org/giuseppe-raimondi-lod/notebook/rdq112/text"
"https://w3id.org/ficlitdl/person/andrea-mantegna","Andrea Mantegna","https://w3id.org/giuseppe-raimondi-lod/notebook/rdq162/text"
"https://w3id.org/ficlitdl/person/alvise-vivarini","Alvise Vivarini","https://w3id.org/giuseppe-raimondi-lod/notebook/rdq173/text"
"https://w3id.org/ficlitdl/person/antonin-artaud","Antonin Artaud","https://w3id.org/giuseppe-raimondi-lod/notebook/rdq92/text"
"https://w3id.org/ficlitdl/person/bartolomeo-vivarini","Bartolomeo Vivarini","https://w3id.org/giuseppe-raimondi-lod/notebook/rdq173/text"
"https://w3id.org/ficlitdl/person/jules-supervielle","Jules Supervielle","https://w3id.org/giuseppe-raimondi-lod/notebook/rdq124/text"
"https://w3id.org/ficlitdl/person/carlo-carra","Carlo Carrà","https://w3id.org/giuseppe-raimondi-lod/notebook/rdq301/text"
"https://w3id.org/ficlitdl/person/sibilla-aleramo","Sibilla Aleramo","https://w3id.org/giuseppe-raimondi-lod/notebook/rdq76/text"
"https://w3id.org/ficlitdl/person/cesare-brandi","Cesare Brandi","https://w3id.org/giuseppe-raimondi-lod/notebook/rdq86/text"
"https://w3id.org/ficlitdl/person/severino-ferrari","Severino Ferrari","https://w3id.org/giuseppe-raimondi-lod/notebook/rdq217/text"
"https://w3id.org/ficlitdl/person/argentina-testoni","Argentina Testoni","https://w3id.org/giuseppe-raimondi-lod/notebook/rdq365/text"
"https://w3id.org/ficlitdl/person/eugene-delacroix","Eugène Delacroix","https://w3id.org/giuseppe-raimondi-lod/notebook/rdq187/text"
"https://w3id.org/ficlitdl/person/gustave-courbet","Gustave Courbet","https://w3id.org/giuseppe-raimondi-lod/notebook/rdq221/text"
"https://w3id.org/ficlitdl/person/pontormo","Pontormo","https://w3id.org/giuseppe-raimondi-lod/notebook/rdq42/text"
"https://w3id.org/ficlitdl/person/carlo-bonomi","Carlo Bonomi","https://w3id.org/giuseppe-raimondi-lod/notebook/rdq173/text"
"https://w3id.org/ficlitdl/person/vita","Vita","https://w3id.org/giuseppe-raimondi-lod/notebook/rdq131/text"
"https://w3id.org/ficlitdl/person/marcel-proust","Marcel Proust","https://w3id.org/giuseppe-raimondi-lod/notebook/rdq368/text"
"https://w3id.org/ficlitdl/person/vittore-carpaccio","Vittore Carpaccio","https://w3id.org/giuseppe-raimondi-lod/notebook/rdq192/text"
"https://w3id.org/ficlitdl/person/guido-reni","Guido Reni","https://w3id.org/giuseppe-raimondi-lod/notebook/rdq12/text"
"https://w3id.org/ficlitdl/person/lorenzo-montano","Lorenzo Montano","https://w3id.org/giuseppe-raimondi-lod/notebook/rdq87/text"
"https://w3id.org/ficlitdl/person/plotino","Plotino","https://w3id.org/giuseppe-raimondi-lod/notebook/rdq338/text"
"https://w3id.org/ficlitdl/person/antonio-rinaldi","Antonio Rinaldi","https://w3id.org/giuseppe-raimondi-lod/notebook/rdq47/text"
"https://w3id.org/ficlitdl/person/constantin-brâncuși","Constantin Brâncuși","https://w3id.org/giuseppe-raimondi-lod/notebook/rdq139/text"
"https://w3id.org/ficlitdl/person/jean-jacques-rousseau","Jean-Jacques Rousseau","https://w3id.org/giuseppe-raimondi-lod/notebook/rdq137/text"
"https://w3id.org/ficlitdl/person/bertolt-brecht","Bertolt Brecht","https://w3id.org/giuseppe-raimondi-lod/notebook/rdq193/text"
"https://w3id.org/ficlitdl/person/filippo-de-pisis","Filippo De Pisis","https://w3id.org/giuseppe-raimondi-lod/notebook/rdq68/text"
"https://w3id.org/ficlitdl/person/konstantinos-p-cavafy","Konstantinos P. Cavafy","https://w3id.org/giuseppe-raimondi-lod/notebook/rdq84/text"
"https://w3id.org/ficlitdl/person/mario-ricci","Mario Ricci","https://w3id.org/giuseppe-raimondi-lod/notebook/rdq184/text"
"https://w3id.org/ficlitdl/person/giulio-carpioni","Giulio Carpioni","https://w3id.org/giuseppe-raimondi-lod/notebook/rdq180/text"
"https://w3id.org/ficlitdl/person/guillaume-apollinaire","Guillaume Apollinaire","https://w3id.org/giuseppe-raimondi-lod/notebook/rdq127/text"
"https://w3id.org/ficlitdl/person/alessandro-manzoni","Alessandro Manzoni","https://w3id.org/giuseppe-raimondi-lod/notebook/rdq53/text"
"https://w3id.org/ficlitdl/person/renato-serra","Renato Serra","https://w3id.org/giuseppe-raimondi-lod/notebook/rdq210/text"
"https://w3id.org/ficlitdl/person/athos-casarini","Athos Casarini","https://w3id.org/giuseppe-raimondi-lod/notebook/rdq175/text"
"https://w3id.org/ficlitdl/person/dante-isella","Dante Isella","https://w3id.org/giuseppe-raimondi-lod/notebook/rdq120/text"
"https://w3id.org/ficlitdl/person/fyodor-dostoyevsky","Fyodor Dostoyevsky","https://w3id.org/giuseppe-raimondi-lod/notebook/rdq408/text"
"https://w3id.org/ficlitdl/person/henry-fuseli","Henry Fuseli","https://w3id.org/giuseppe-raimondi-lod/notebook/rdq404/text"
"https://w3id.org/ficlitdl/person/lorenzo-magalotti","Lorenzo Magalotti","https://w3id.org/giuseppe-raimondi-lod/notebook/rdq246/text"
"https://w3id.org/ficlitdl/person/james-joyce","James Joyce","https://w3id.org/giuseppe-raimondi-lod/notebook/rdq59/text"
"https://w3id.org/ficlitdl/person/sergio-camerani","Sergio Camerani","https://w3id.org/giuseppe-raimondi-lod/notebook/rdq156/text"
"https://w3id.org/ficlitdl/person/pierre-choderlos-de-laclos","Pierre Choderlos de Laclos","https://w3id.org/giuseppe-raimondi-lod/notebook/rdq169/text"
"https://w3id.org/ficlitdl/person/diego-valeri","Diego Valeri","https://w3id.org/giuseppe-raimondi-lod/notebook/rdq166/text"
"https://w3id.org/ficlitdl/person/andre-malraux","André Malraux","https://w3id.org/giuseppe-raimondi-lod/notebook/rdq341/text"
"https://w3id.org/ficlitdl/person/georges-seurat","Georges Seurat","https://w3id.org/giuseppe-raimondi-lod/notebook/rdq77/text"
"https://w3id.org/ficlitdl/person/giacomo-debenedetti","Giacomo Debenedetti","https://w3id.org/giuseppe-raimondi-lod/notebook/rdq319/text"
"https://w3id.org/ficlitdl/person/giuseppe-gioachino-belli","Giuseppe Gioachino Belli","https://w3id.org/giuseppe-raimondi-lod/notebook/rdq188/text"
"https://w3id.org/ficlitdl/person/michiel-sweerts","Michiel Sweerts","https://w3id.org/giuseppe-raimondi-lod/notebook/rdq97/text"
"https://w3id.org/ficlitdl/person/ardengo-soffici","Ardengo Soffici","https://w3id.org/giuseppe-raimondi-lod/notebook/rdq298/text"
"https://w3id.org/ficlitdl/person/corrado-govoni","Corrado Govoni","https://w3id.org/giuseppe-raimondi-lod/notebook/rdq185/text"
"https://w3id.org/ficlitdl/person/jean-baptiste-simeon-chardin","Jean-Baptiste-Siméon Chardin","https://w3id.org/giuseppe-raimondi-lod/notebook/rdq209/text"
"https://w3id.org/ficlitdl/person/sebastiano-filippi","Sebastiano Filippi","https://w3id.org/giuseppe-raimondi-lod/notebook/rdq30/text"
"https://w3id.org/ficlitdl/person/bruno-barilli","Bruno Barilli","https://w3id.org/giuseppe-raimondi-lod/notebook/rdq193/text"
"https://w3id.org/ficlitdl/person/cesare-gnudi","Cesare Gnudi","https://w3id.org/giuseppe-raimondi-lod/notebook/rdq99/text"
"https://w3id.org/ficlitdl/person/jules-laforgue","Jules Laforgue","https://w3id.org/giuseppe-raimondi-lod/notebook/rdq220/text"
"https://w3id.org/ficlitdl/person/james-ensor","James Ensor","https://w3id.org/giuseppe-raimondi-lod/notebook/rdq283/text"
"https://w3id.org/ficlitdl/person/william-shakespeare","William Shakespeare","https://w3id.org/giuseppe-raimondi-lod/notebook/rdq442/text"
"https://w3id.org/ficlitdl/person/antonio-baldini","Antonio Baldini","https://w3id.org/giuseppe-raimondi-lod/notebook/rdq169/text"
"https://w3id.org/ficlitdl/person/henri-michaux","Henri Michaux","https://w3id.org/giuseppe-raimondi-lod/notebook/rdq105/text"
"https://w3id.org/ficlitdl/person/piero-jahier","Piero Jahier","https://w3id.org/giuseppe-raimondi-lod/notebook/rdq177/text"
"https://w3id.org/ficlitdl/person/ugo-valeri","Ugo Valeri","https://w3id.org/giuseppe-raimondi-lod/notebook/rdq166/text"
"https://w3id.org/ficlitdl/person/honore-daumier","Honoré Daumier","https://w3id.org/giuseppe-raimondi-lod/notebook/rdq141/text"
"https://w3id.org/ficlitdl/person/filippo-cuccoli","Filippo Cuccoli","https://w3id.org/giuseppe-raimondi-lod/notebook/rdq83/text"
"https://w3id.org/ficlitdl/person/luigi-bartolini","Luigi Bartolini","https://w3id.org/giuseppe-raimondi-lod/notebook/rdq179/text"
"https://w3id.org/ficlitdl/person/francesco-arcangeli","Francesco Arcangeli","https://w3id.org/giuseppe-raimondi-lod/notebook/rdq295/text"
"https://w3id.org/ficlitdl/person/marcel-schwob","Marcel Schwob","https://w3id.org/giuseppe-raimondi-lod/notebook/rdq136/text"
"https://w3id.org/ficlitdl/person/federico-barocci","Federico Barocci","https://w3id.org/giuseppe-raimondi-lod/notebook/rdq83/text"
"https://w3id.org/ficlitdl/person/peter-paul-rubens","Peter Paul Rubens","https://w3id.org/giuseppe-raimondi-lod/notebook/rdq50/text"
"https://w3id.org/ficlitdl/person/eugenio-montale","Eugenio Montale","https://w3id.org/giuseppe-raimondi-lod/notebook/rdq48/text"
"https://w3id.org/ficlitdl/person/emilio-cecchi","Emilio Cecchi","https://w3id.org/giuseppe-raimondi-lod/notebook/rdq123/text"
"https://w3id.org/ficlitdl/person/nanni-di-banco","Nanni di Banco","https://w3id.org/giuseppe-raimondi-lod/notebook/rdq239/text"
"https://w3id.org/ficlitdl/person/venturino-venturi","Venturino Venturi","https://w3id.org/giuseppe-raimondi-lod/notebook/rdq260/text"
"https://w3id.org/ficlitdl/person/ritratto-del-padre","Ritratto del padre","https://w3id.org/giuseppe-raimondi-lod/notebook/rdq411/text"
"https://w3id.org/ficlitdl/person/andre-derain","André Derain","https://w3id.org/giuseppe-raimondi-lod/notebook/rdq57/text"
"https://w3id.org/ficlitdl/person/bernard-berenson","Bernard Berenson","https://w3id.org/giuseppe-raimondi-lod/notebook/rdq187/text"
"https://w3id.org/ficlitdl/person/johann-jenet","Johann Jenet","https://w3id.org/giuseppe-raimondi-lod/notebook/rdq372/text"
"https://w3id.org/ficlitdl/person/russel-evan-l-venturina","Russel Evan L. Venturina","https://w3id.org/giuseppe-raimondi-lod/notebook/rdq376/text"
"https://w3id.org/ficlitdl/person/virgilio-giotti","Virgilio Giotti","https://w3id.org/giuseppe-raimondi-lod/notebook/rdq60/text"
"https://w3id.org/ficlitdl/person/auguste-rodin","Auguste Rodin","https://w3id.org/giuseppe-raimondi-lod/notebook/rdq148/text"
"https://w3id.org/ficlitdl/person/antonio-fiacchi","Antonio Fiacchi","https://w3id.org/giuseppe-raimondi-lod/notebook/rdq26/text"
"https://w3id.org/ficlitdl/person/mario-cavaglieri","Mario Cavaglieri","https://w3id.org/giuseppe-raimondi-lod/notebook/rdq372/text"
"https://w3id.org/ficlitdl/person/mario-marcucci","Mario Marcucci","https://w3id.org/giuseppe-raimondi-lod/notebook/rdq7/text"
"https://w3id.org/ficlitdl/person/paolo-serini","Paolo Serini","https://w3id.org/giuseppe-raimondi-lod/notebook/rdq171/text"
"https://w3id.org/ficlitdl/person/charles-baudelaire","Charles Baudelaire","https://w3id.org/giuseppe-raimondi-lod/notebook/rdq451/text"
"https://w3id.org/ficlitdl/person/edouard-manet","Édouard Manet","https://w3id.org/giuseppe-raimondi-lod/notebook/rdq381/text"
"https://w3id.org/ficlitdl/person/giacobbe","Giacobbe","https://w3id.org/giuseppe-raimondi-lod/notebook/rdq440/text"
"https://w3id.org/ficlitdl/person/gino-vannelli","Gino Vannelli","https://w3id.org/giuseppe-raimondi-lod/notebook/rdq404/text"
"https://w3id.org/ficlitdl/person/francesco-petrarca","Francesco Petrarca","https://w3id.org/giuseppe-raimondi-lod/notebook/rdq181/text"
"https://w3id.org/ficlitdl/person/giuseppe-raimondi","Giuseppe Raimondi","https://w3id.org/giuseppe-raimondi-lod/notebook/rdq336/text"
"https://w3id.org/ficlitdl/person/joseph-conrad","Joseph Conrad","https://w3id.org/giuseppe-raimondi-lod/notebook/rdq387/text"
